{
  "config": "bull_t=3.0 bear_t=1.5",
  "bull_weights": {
    "bonds_zoop": 0.08011179990687942,
    "hwrt_3": 0.20833504201593953,
    "em_ftlt": 0.15518664492370787,
    "gold": 0.08869827341103244,
    "qqq_ftlt_bonds": 0.15230774754241325,
    "em_emerging": 0.1585150049272833,
    "qqq_ftlt_sma": 0.15684548727274428
  },
  "bear_weights": {
    "bonds_zoop": 0.08102869109693982,
    "hwrt_3": 0.16593307866933826,
    "em_ftlt": 0.32244228928966073,
    "gold": 0.0549736961857293,
    "qqq_ftlt_bonds": 0.15274262315153672,
    "em_emerging": 0.1679059254210659,
    "qqq_ftlt_sma": 0.0549736961857293
  }
}