{
  "full_sharpe": 5.21,
  "results": {
    "hg_short_only": {
      "sharpe": 5.188139376446931,
      "maxdd": 9.94095331679744,
      "marginal": 0.021860623553068947
    },
    "hwrt_3": {
      "sharpe": 5.133752605879897,
      "maxdd": 8.190703839204904,
      "marginal": 0.07624739412010317
    },
    "four_corners": {
      "sharpe": 5.392997159248848,
      "maxdd": 6.164986875943368,
      "marginal": -0.18299715924884818
    },
    "better_kmlm": {
      "sharpe": 5.676083976921331,
      "maxdd": 7.690709674118978,
      "marginal": -0.46608397692133074
    },
    "em_ftlt": {
      "sharpe": 4.727678116835165,
      "maxdd": 7.751995037377379,
      "marginal": 0.48232188316483526
    },
    "qqq_ftlt_bonds": {
      "sharpe": 4.908095693984718,
      "maxdd": 8.65429192597299,
      "marginal": 0.30190430601528195
    },
    "qqq_ftlt_sma": {
      "sharpe": 5.1844213979007705,
      "maxdd": 6.823009249716517,
      "marginal": 0.025578602099229464
    },
    "em_emerging": {
      "sharpe": 4.894596414367818,
      "maxdd": 7.722364068300614,
      "marginal": 0.31540358563218174
    },
    "bonds_zoop": {
      "sharpe": 4.961060479442147,
      "maxdd": 7.698946989138989,
      "marginal": 0.24893952055785284
    },
    "gold": {
      "sharpe": 5.203222367217814,
      "maxdd": 8.589824077400898,
      "marginal": 0.006777632782186238
    }
  }
}